0dd301,127.0.0.1,GET,http://curso-drupal.dev.com/admin/modules,1693894542,0dd301,200
412964,127.0.0.1,GET,http://curso-drupal.dev.com/admin/modules/update,1693894563,412964,200
9cbb38,127.0.0.1,GET,http://curso-drupal.dev.com/admin/modules/update,1693894563,412964,200
1051f1,127.0.0.1,GET,http://curso-drupal.dev.com/admin/modules/update,1693894563,412964,200
218c8d,127.0.0.1,GET,http://curso-drupal.dev.com/admin/modules/update,1693894563,412964,200
e0a694,127.0.0.1,GET,http://curso-drupal.dev.com/admin/modules/update,1693894563,412964,200
db98aa,127.0.0.1,GET,http://curso-drupal.dev.com/admin/modules/update,1693894563,412964,200
597a9d,127.0.0.1,GET,http://curso-drupal.dev.com/admin/modules/update,1693894563,412964,200
29b7bb,127.0.0.1,GET,http://curso-drupal.dev.com/admin/modules/update,1693894563,412964,200
390fb0,127.0.0.1,GET,http://curso-drupal.dev.com/admin/modules/update,1693894563,412964,200
3d3c96,127.0.0.1,GET,http://curso-drupal.dev.com/admin/modules/update,1693894563,412964,200
33315b,127.0.0.1,GET,http://curso-drupal.dev.com/admin/modules/update,1693894563,412964,200
06d8ab,127.0.0.1,GET,http://curso-drupal.dev.com/admin/modules/update,1693894563,412964,200
ca054f,127.0.0.1,GET,http://curso-drupal.dev.com/admin/modules/update,1693894563,412964,200
ed412a,127.0.0.1,GET,http://curso-drupal.dev.com/admin/modules/update,1693894563,412964,200
11a910,127.0.0.1,GET,http://curso-drupal.dev.com/admin/modules/update,1693894563,412964,200
c07b25,127.0.0.1,GET,http://curso-drupal.dev.com/admin/modules/update,1693894563,412964,200
7f46b6,127.0.0.1,GET,http://curso-drupal.dev.com/admin/modules/update,1693894563,412964,200
b7bce8,127.0.0.1,GET,http://curso-drupal.dev.com/admin/modules/update,1693894563,412964,200
389140,127.0.0.1,GET,http://curso-drupal.dev.com/admin/modules/update,1693894563,412964,200
1b7778,127.0.0.1,GET,http://curso-drupal.dev.com/admin/modules/update,1693894563,412964,200
c654f4,127.0.0.1,GET,http://curso-drupal.dev.com/admin/modules/update,1693894563,412964,200
c4a53c,127.0.0.1,GET,http://curso-drupal.dev.com/admin/modules/update,1693894563,412964,200
6b3506,127.0.0.1,GET,http://curso-drupal.dev.com/admin/modules/update,1693894563,412964,200
4a0d77,127.0.0.1,GET,http://curso-drupal.dev.com/admin/modules,1693894566,4a0d77,200
